family,n,k_colors,average_degree,runs,mean_tau_h,mean_b_h,mean_w,mean_delta,mean_degree_variance,mean_degree_cv2,certificate_looseness,cell_tau_over_b
ba,100,2,4.0,40,12.925,1897.2376011076751,12.425,24.35,13.8376,0.9005102040816328,146.78820898318568,0.006812536285625967
ba,100,2,8.0,40,9.825,2669.9990945275,17.95,35.35,33.0731,0.5607282850477431,271.75563303078883,0.003679776528815151
ba,100,2,12.0,40,11.875,3224.99614973925,20.925,41.25,51.407100000000014,0.40402189904934377,271.5786231359368,0.0036821749387081055
ba,100,2,16.0,40,10.45,3908.4538828942505,23.8,47.075,69.3076,0.3198639089083175,374.0147256358135,0.0026736915192310433
ba,100,3,4.0,40,37.15,3670.33766564725,16.95,25.05,13.720600000000001,0.8928961890878803,98.79778373209287,0.010121684538103318
ba,100,3,8.0,40,18.425,4608.51897228425,23.3,34.35,31.5346,0.5346442328559029,250.12314639263226,0.003998030627802212
ba,100,3,12.0,40,9.95,5107.2148310229995,27.45,40.675,51.37660000000002,0.4037821915396612,513.2879227158794,0.001948224292340365
ba,100,3,16.0,40,11.8,5511.115922268,31.575,46.85,70.2261,0.32410291011932885,467.04372222610164,0.0021411271630708004
ba,100,4,4.0,40,46.9,4179.173258031,18.45,24.15,13.0091,0.8465938671386924,89.10817181302772,0.01122231530120786
ba,100,4,8.0,40,11.7,4584.9149163130005,25.725,33.875,31.267600000000005,0.5301174587673612,391.87306977034194,0.002551846700223754
ba,100,4,12.0,40,17.275,6314.437872861499,30.125,39.725,49.77710000000001,0.391211300990896,365.52462360992763,0.0027357938026827916
ba,100,4,16.0,40,9.925,6485.65520313775,36.025,47.525,70.86459999999998,0.3270496736176748,653.4665192078337,0.0015303002841098154
ba,100,5,4.0,40,55.65,4387.97219367925,20.625,25.35,14.2306,0.9260854852144942,78.84945541202606,0.012682395772735808
ba,100,5,8.0,40,25.875,5926.3181681075,27.65,34.1,32.7966,0.5560404459635417,229.03645094135265,0.004366117252908626
ba,100,5,12.0,40,15.3,6919.39673492675,32.45,40.075,50.11610000000002,0.3938755910165487,452.24815260959144,0.0022111754226738917
ba,100,5,16.0,40,18.55,8495.1479264255,38.35,47.475,69.9476,0.32281759510869557,457.95945695016167,0.002183599409999359
ba,100,8,4.0,40,72.875,4545.18647827675,22.375,25.125,13.5936,0.8846314035818411,62.36962577395197,0.01603344556891088
ba,100,8,8.0,40,43.6,6724.231153860999,29.5,33.25,32.055099999999996,0.5434688991970487,154.22548518029814,0.006484012670350458
ba,100,8,12.0,40,26.6,7882.42678121075,35.75,40.35,49.53160000000001,0.3892818520195163,296.3318338801034,0.0033745952532545074
ba,100,8,16.0,40,11.05,7313.8230960845,41.55,47.025,68.60409999999999,0.31661716165524567,661.8844430845701,0.0015108377458453548
ba,200,2,4.0,40,25.2,6555.345832350251,17.95,35.5,17.7014,1.1288006325885114,260.13277112501,0.0038441907787136816
ba,200,2,8.0,40,24.125,11089.615237426,25.225,50.025,45.33240000000001,0.737524729279467,459.6731704632539,0.002175458704697101
ba,200,2,12.0,40,18.575,11223.6733081485,30.6,60.8,75.80389999999997,0.5594813181233096,604.2354405463526,0.0016549840226117738
ba,200,2,16.0,40,18.2,12509.95335804075,34.925,69.425,112.51465,0.4768992529975044,687.3600746176236,0.001454841555288612
ba,200,3,4.0,40,68.9,12712.25924925425,24.8,36.675,17.669400000000003,1.1267600244872973,184.503036999336,0.005419964984118928
ba,200,3,8.0,40,37.575,16154.217539952,33.275,49.475,45.10640000000001,0.7338478758850481,429.91929580710575,0.0023260179520964686
ba,200,3,12.0,40,18.625,16193.363340056749,39.85,59.2,75.95739999999998,0.560614246407104,869.4423269829127,0.0011501625455366785
ba,200,3,16.0,40,22.6,20682.0767588325,45.85,68.375,110.72465,0.469312243991428,915.1361397713495,0.0010927335907090874
ba,200,4,4.0,40,97.875,14000.11242696575,26.9,35.35,17.338150000000002,1.1056365421895724,143.0407399945415,0.006991015287240267
ba,200,4,8.0,40,22.475,16349.17982596,38.125,50.275,45.26915000000001,0.736495698406914,727.4384794642937,0.0013746866961676656
ba,200,4,12.0,40,32.675,23041.018632305,44.875,59.35,76.13839999999998,0.5619501422987445,705.1574179741393,0.0014181230665812462
ba,200,4,16.0,40,18.9,20907.266022660002,49.675,65.65,109.43865000000001,0.46386146545410156,1106.2045514634922,0.0009039919413430498
ba,200,5,4.0,40,119.475,14875.683682796001,30.1,37.2,18.648400000000002,1.1891898785838182,124.50875649965266,0.008031563627436835
ba,200,5,8.0,40,48.775,20323.02227279,39.5,48.875,43.82815000000001,0.7130516907017911,416.66883183577653,0.0023999875286907332
ba,200,5,12.0,40,30.0,23451.514443867498,49.175,60.95,76.74439999999997,0.5664228103116399,781.7171481289166,0.0012792350818880659
ba,200,5,16.0,40,28.925,28460.269862932502,55.95,69.425,112.53465000000001,0.47698402404785156,983.9332709743302,0.0010163290839934297
ba,200,8,4.0,40,141.825,14291.440806602,29.4,33.0,16.9464,1.0806550352004898,100.76813542465716,0.009923771991868254
ba,200,8,8.0,40,86.325,22628.818852465,42.825,48.5,44.20140000000001,0.7191241930445649,262.13517350089774,0.0038148257124165567
ba,200,8,12.0,40,53.625,27701.8171389925,52.525,59.475,77.09989999999998,0.5690466279330662,516.5840025919348,0.001935793588230664
ba,200,8,16.0,40,20.1,27916.1473314675,61.35,69.6,111.91365,0.4743518829345704,1388.863051316791,0.0007200133944465531
ba,400,2,4.0,40,55.35,23061.0938588575,24.6,48.825,21.376974999999995,1.3495224236761696,416.6412621293135,0.002400146339057577
ba,400,2,8.0,40,45.15,35307.361772145,34.85,69.175,58.80485,0.9374816664115906,782.0013681538206,0.0012787701412349689
ba,400,2,12.0,40,36.4,40692.82281352,42.6,84.75,103.13272500000001,0.7381787514923513,1117.9346926791209,0.0008945066349121956
ba,400,2,16.0,40,37.425,47276.36864696,48.025,95.575,154.86110000000002,0.629868983626614,1263.229623165264,0.0007916217144229949
ba,400,3,4.0,40,140.7,37656.059296975,33.0,49.05,20.927725,1.3211613974394585,267.63368370273633,0.003736450457823205
ba,400,3,8.0,40,67.625,51500.0558318725,46.6,69.25,57.398225000000004,0.9150568978930721,761.5535058317561,0.0013131053725605488
ba,400,3,12.0,40,43.6,60101.384523215005,56.475,84.175,103.78509999999999,0.7428481652308598,1378.4721220920871,0.0007254408587402656
ba,400,3,16.0,40,45.85,69238.621970345,64.35,95.9,154.83785000000003,0.6297744185365474,1510.1117114579063,0.0006622026651489052
ba,400,4,4.0,40,175.375,45616.482008009996,38.125,50.275,22.01185,1.389601903992323,260.108236681454,0.0038445533780795535
ba,400,4,8.0,40,49.875,54786.086468565,53.1,70.275,58.06235,0.9256445451994695,1098.4678991190979,0.0009103588742119247
ba,400,4,12.0,40,67.0,76133.1985366575,65.05,86.225,104.378975,0.7470988616615275,1136.316396069515,0.0008800365844046348
ba,400,4,16.0,40,38.125,75492.6581210025,72.5,96.15,156.68235,0.6372765823485007,1980.1352949771149,0.0005050159969051799
ba,400,5,4.0,40,213.8,45802.68714999,39.3,48.575,20.742099999999997,1.309442943360016,214.23146468657623,0.004667848401554901
ba,400,5,8.0,40,89.45,64080.08301389,56.275,69.85,57.960350000000005,0.9240184356188145,716.3787927768585,0.001395909552436298
ba,400,5,12.0,40,53.725,75237.673438835,69.15,85.9,104.23885,0.7460959084519341,1400.422027712145,0.0007140704589127961
ba,400,5,16.0,40,58.675,90020.8555087125,76.45,94.95,154.25872500000003,0.6274189343307477,1534.2284705362165,0.000651793405743864
ba,400,8,4.0,40,284.3,50221.5063187675,46.35,52.425,21.923224999999995,1.3840070326506904,176.64968807164087,0.005660921402784741
ba,400,8,8.0,40,185.225,78566.778434555,62.875,71.425,58.52697500000001,0.9330517134731151,424.16940712406534,0.002357548619029731
ba,400,8,12.0,40,102.625,93642.530338105,77.0,87.475,102.93409999999999,0.7367570809749171,912.4728900180755,0.0010959229703582651
ba,400,8,16.0,40,44.825,89938.61880426,85.675,97.375,154.527725,0.6285130422545294,2006.4387909483546,0.0004983954678863362
ba,800,2,4.0,40,93.425,76062.94020328,36.1,71.8,25.911649999999998,1.6276059823744824,814.1604517343324,0.001228259120017179
ba,800,2,8.0,40,80.825,109786.51194073749,50.175,99.825,70.96496249999998,1.1199995344183225,1358.3236862448189,0.0007362015476330021
ba,800,2,12.0,40,78.05,135274.2430561975,59.075,117.55,128.9573375,0.9091227693567976,1733.1741583113069,0.0005769760616407617
ba,800,2,16.0,40,63.65,149403.8199422925,68.5,136.5,201.553775,0.8033052072173759,2347.2713266660253,0.00042602659038159087
ba,800,3,4.0,40,282.675,119470.26349863,48.675,72.525,25.8649625,1.6246733688858737,422.6417741173786,0.0023660699467967735
ba,800,3,8.0,40,131.475,161651.676465225,65.725,98.05,70.18652499999999,1.1077138992702202,1229.5240651471763,0.0008133228363287856
ba,800,3,12.0,40,85.575,194387.3037471,78.825,117.8,130.07752499999998,0.917019861386934,2271.543134643295,0.0004402293686388799
ba,800,3,16.0,40,87.55,225277.3905981,92.125,137.8,203.3339,0.8104000070145905,2573.1283906122217,0.0003886319872915751
ba,800,4,4.0,40,373.05,145016.8836929975,54.25,71.85,26.055837499999996,1.6366629292529566,388.7331019782804,0.002572459085452087
ba,800,4,8.0,40,85.925,172521.10751807498,74.775,99.175,70.48089999999999,1.1123598520239386,2007.8103871757344,0.0004980549988122333
ba,800,4,12.0,40,130.85,232221.7019876,90.925,120.675,130.8819625,0.9226909807040065,1774.7168665464274,0.0005634701618326224
ba,800,4,16.0,40,73.1,263943.431559925,107.075,142.275,203.87615,0.8125611783874096,3610.7172580017104,0.00027695328339096616
ba,800,5,4.0,40,427.175,155697.3380907625,59.075,73.2,25.5014625,1.6018405977349386,364.48139074328435,0.002743624298515507
ba,800,5,8.0,40,184.625,208028.411827625,79.825,99.275,71.36858749999999,1.126369717620767,1126.7618785517943,0.0008874989640981475
ba,800,5,12.0,40,111.125,250293.12659149998,98.35,122.4,130.80102499999998,0.922120387936109,2252.356594749156,0.0004439794312904389
ba,800,5,16.0,40,121.875,293219.444886825,110.925,138.15,200.4217125,0.7987933011459291,2405.903137532923,0.00041564433097893817
ba,800,8,4.0,40,556.125,157581.00911759998,64.875,73.675,26.248087499999997,1.648738858424256,283.3553771501011,0.003529137191810807
ba,800,8,8.0,40,369.2,236303.9370767,86.95,98.825,70.700775,1.1158300137622787,640.043166513272,0.0015623946201123358
ba,800,8,12.0,40,205.3,267811.08352640003,100.925,114.9,128.31346249999999,0.9045835827198248,1304.4865247267414,0.0007665851513563744
ba,800,8,16.0,40,91.525,290996.921641925,120.725,137.575,201.96165000000002,0.8049308186026936,3179.4255300947825,0.0003145222275327797
er,100,2,4.0,40,21.575,929.9282790456251,5.025,9.475,3.7085999999999997,0.22740983413546706,43.102121856112404,0.023200713954136525
er,100,2,8.0,40,14.475,1417.5418406929998,7.85,15.225,7.3754300000000015,0.11545335936788037,97.93035168863557,0.01021133880106392
er,100,2,12.0,40,11.925,1652.6648328055003,10.575,20.675,10.567219999999999,0.07405249723104765,138.58824593756816,0.007215619140244292
er,100,2,16.0,40,9.0,2072.03469616625,13.375,26.125,13.322199999999995,0.05162355128330699,230.22607735180554,0.004343556609670732
er,100,3,4.0,40,24.65,1359.458445847775,6.7,9.575,3.66961,0.24253488132916953,55.150444050619676,0.01813222027880959
er,100,3,8.0,40,14.175,1791.86975455875,10.5,15.25,7.1024,0.11128082986049634,126.41056469550263,0.007910731214663876
er,100,3,12.0,40,13.5,2730.090026497,14.05,20.625,10.52233,0.07308568789743942,202.22889085162964,0.004944891878646931
er,100,3,16.0,40,8.575,2956.622641377,17.45,25.625,13.036139999999994,0.051418123429724384,344.79564330927116,0.0029002686646566194
er,100,4,4.0,40,32.5,1621.3974369617501,7.5,9.5,3.8375600000000007,0.2395034365574193,49.88915190651539,0.02004443775420048
er,100,4,8.0,40,19.65,2604.0470966010002,11.85,15.225,7.224489999999998,0.11350394291300359,132.52148074305344,0.007545946471416999
er,100,4,12.0,40,13.2,3269.470815343,16.075,20.925,10.396519999999999,0.07139666484795121,247.68718298053034,0.0040373506128438055
er,100,4,16.0,40,12.475,4066.741744893,19.475,25.425,13.091969999999993,0.05053940264189749,325.9913222359118,0.00306756631784304
er,100,5,4.0,40,42.45,1718.4490861359998,8.0,9.525,3.7130500000000004,0.23199152729258574,40.481721699316836,0.024702506662824964
er,100,5,8.0,40,21.475,2624.3804007765,12.875,15.575,7.30574,0.11357789612013461,122.20630504197905,0.008182883850849514
er,100,5,12.0,40,16.875,3606.4831226885,17.05,20.85,10.11947,0.06998993936302292,213.71751838154074,0.004679073608812652
er,100,5,16.0,40,13.1,4275.5784337922505,20.875,25.55,12.806940000000006,0.050373894664205464,326.38003311391225,0.0030639129191183784
er,100,8,4.0,40,126.85,1892.2459283725002,8.775,9.75,3.951800000000001,0.2437897943358808,14.917192971009069,0.06703674088975436
er,100,8,8.0,40,28.55,2940.042062308,14.025,15.425,7.085380000000001,0.11376903614639253,102.97870621043782,0.00971074542300514
er,100,8,12.0,40,17.125,3821.87193026775,18.15,20.2,10.240400000000003,0.07069407322973009,223.17500322731388,0.004480788554000623
er,100,8,16.0,40,17.125,4803.625208176,22.45,25.4,13.230849999999995,0.05233282996569202,280.5036617912993,0.0035650158490409347
er,200,2,4.0,40,41.075,2526.25522941825,5.625,10.65,3.985952499999999,0.2514557020024559,61.50347484889227,0.01625924392819914
er,200,2,8.0,40,23.3,3580.40981741175,8.625,16.725,7.712477500000003,0.11978810527488475,153.6656573996459,0.006507634932373017
er,200,2,12.0,40,20.3,4565.41748482475,11.25,21.975,11.014997500000003,0.07618908912643382,224.8974130455542,0.004446471777767602
er,200,2,16.0,40,17.8,4871.983541487,13.625,26.875,14.458047500000006,0.05628036984959621,273.7069405329775,0.0036535427200082827
er,200,3,4.0,40,50.95,3426.76008639725,7.175,10.2,3.82147,0.24582729934943753,67.25731278502943,0.01486827169554396
er,200,3,8.0,40,30.025,5107.601993798,11.075,16.3,7.664227499999998,0.11933590127549099,170.111640093189,0.0058784924973516745
er,200,3,12.0,40,25.85,7364.420218957501,15.15,22.225,11.391095000000005,0.07895227955527481,284.8905307140232,0.003510120176664674
er,200,3,16.0,40,22.875,8426.80493709925,18.6,27.375,14.593424999999991,0.05684581939832062,368.38491528302734,0.002714551976786855
er,200,4,4.0,40,56.35,3873.48239959725,8.075,10.1,3.785052499999999,0.23622236821674622,68.73970540545253,0.014547632901561412
er,200,4,8.0,40,35.3,6115.03070027125,12.7,16.475,7.433059999999999,0.11674074834893051,173.23033145244335,0.005772661124732238
er,200,4,12.0,40,28.4,8047.135977207001,16.95,22.15,11.233382500000001,0.07929417314388995,283.3498583523592,0.0035292059287231115
er,200,4,16.0,40,17.925,9674.978374585251,21.05,27.575,14.937975000000005,0.05810863125580514,539.7477475361367,0.0018527173194605112
er,200,5,4.0,40,85.075,4292.68807714125,8.675,10.5,3.9411750000000003,0.2483440144742059,50.45769118003232,0.019818584176434357
er,200,5,8.0,40,40.275,6794.0200744485,13.925,16.925,7.87706,0.12168316989378083,168.69075293478585,0.005928007212028925
er,200,5,12.0,40,31.775,9482.398164935501,18.5,22.55,11.3830475,0.07822623581864971,298.42323099718334,0.0033509455569477376
er,200,5,16.0,40,24.025,10869.48354187375,22.05,27.175,14.296187499999997,0.05612380564388129,452.423872710666,0.0022103166086452734
er,200,8,4.0,40,244.375,4613.10483096,8.975,9.975,3.8579125,0.23692273886733095,18.877155318506393,0.052974083389547615
er,200,8,8.0,40,60.825,7552.786691218001,14.575,16.3,7.349557499999999,0.11516031795515833,124.17240758270448,0.00805331892541388
er,200,8,12.0,40,37.15,10123.50541085175,19.6,21.825,11.273454999999997,0.07751427652730265,272.503510386319,0.0036696774973002506
er,200,8,16.0,40,30.85,12347.10361865325,24.875,27.9,14.7990775,0.0575603977688172,400.2302631654214,0.0024985616831945676
er,400,2,4.0,40,79.825,6229.41192761875,6.0,11.55,4.113405625,0.2565389203001363,78.03835800336674,0.012814211185182264
er,400,2,8.0,40,53.625,9089.944497989749,8.85,17.275,7.727257499999999,0.12052692739752824,169.50945450796735,0.005899375954590177
er,400,2,12.0,40,36.975,11542.717181949,11.7,22.875,11.315629374999999,0.07952836355459929,312.17625914669367,0.0032033185442525707
er,400,2,16.0,40,36.375,14387.86539394425,14.625,28.85,15.593913750000004,0.06071307272285816,395.5426912424536,0.0025281721092073866
er,400,3,4.0,40,96.125,9001.6202431255,7.875,11.2,3.937293125,0.24488263926675305,93.64494401170872,0.010678633113123191
er,400,3,8.0,40,59.275,12629.273604915,12.025,17.525,7.857435,0.12121732641460467,213.0623973836356,0.004693460752717531
er,400,3,12.0,40,45.5,16939.594350175,15.625,23.0,11.54792,0.08107580365973785,372.2987769269231,0.0026860147332589427
er,400,3,16.0,40,41.175,22043.8541213825,19.85,29.2,15.482488125000007,0.06009542239780591,535.3698633001216,0.0018678675595144823
er,400,4,4.0,40,117.475,9134.11378009675,8.5,10.75,3.9400118749999997,0.2438796488615263,77.75368189058736,0.012861127289215318
er,400,4,8.0,40,64.7,15353.293893942498,13.625,17.65,7.7231118750000025,0.12027607971744374,237.29975106557183,0.004214079431223992
er,400,4,12.0,40,47.15,19835.5659052075,17.85,23.275,11.8633625,0.08268803449358823,420.6906872790562,0.0023770433485651925
er,400,4,16.0,40,44.375,24571.1860615,22.05,28.9,15.021596875000006,0.05886366600324226,553.7168689915493,0.00180597712657958
er,400,5,4.0,40,157.7,10731.08253527075,9.075,11.075,3.9379606249999997,0.24544321412951517,68.04744790913603,0.014695628281832159
er,400,5,8.0,40,77.6,16049.312306454998,14.7,17.85,7.775886249999999,0.12060900577850635,206.8210348769974,0.004835098134939367
er,400,5,12.0,40,55.45,21478.07597402,19.075,23.35,11.820530624999998,0.08173959525266046,387.34131603282236,0.002581702386520684
er,400,5,16.0,40,48.725,25633.74029082,23.475,28.8,15.502041874999993,0.060390695282600784,526.0901034544894,0.0019008150760366986
er,400,8,4.0,40,476.7,11671.516015168,10.1,11.1,3.922056875,0.24530615776737824,24.48398576708202,0.0408430232525486
er,400,8,8.0,40,120.55,17687.838084259998,15.6,17.55,7.872156249999999,0.12322930586419796,146.72615582131894,0.0068154174312164625
er,400,8,12.0,40,72.675,23672.5796851725,21.05,23.425,11.510147499999999,0.07967778063398738,325.73209061124874,0.0030700076192169516
er,400,8,16.0,40,64.075,28867.0720228125,25.65,28.7,15.349148749999994,0.06007236960741034,450.52004717616074,0.002219657052484023
er,800,2,4.0,40,151.175,14571.57203508475,6.125,11.675,3.9500075000000003,0.24917896852721996,96.38876821620472,0.010374652757849868
er,800,2,8.0,40,103.175,22352.225474675,9.475,18.4,7.9785759375,0.12446042719523127,216.64381366295132,0.004615871476283064
er,800,2,12.0,40,76.15,29221.415455385002,12.5,24.475,11.74960953125,0.0817454387902686,383.73493703722914,0.002605965481592264
er,800,2,16.0,40,64.5,33667.7629248375,15.075,29.625,15.490696718750005,0.060617326602228,521.9808205401163,0.0019157792023186914
er,800,3,4.0,40,193.675,20122.03363566,8.125,11.575,3.9620804687500004,0.24660399893712745,103.89587523252871,0.009625021183583143
er,800,3,8.0,40,119.075,30549.974386147504,12.375,17.95,7.8172193750000005,0.1230533613491318,256.56077586519,0.0038977119422395666
er,800,3,12.0,40,88.9,40375.215328984996,16.475,24.25,11.854628593750002,0.0817532553251159,454.1644019008436,0.00220184584219863
er,800,3,16.0,40,80.475,50149.019738079995,20.6,30.325,15.377838593749999,0.06011783581318565,623.1627180873563,0.0016047173089385907
er,800,4,4.0,40,238.925,23380.7383799175,9.275,11.825,3.9865640625,0.25159275805709924,97.8580658362143,0.010218881718689461
er,800,4,8.0,40,136.475,36187.6653814775,14.3,18.525,7.901921718749999,0.1229931620903163,265.1596657371497,0.0037713126437234645
er,800,4,12.0,40,104.975,44288.7731176175,18.15,23.7,11.827837031250004,0.08260974183979061,421.8982911894975,0.002370239512420413
er,800,4,16.0,40,90.925,57321.211743165004,22.825,30.025,15.5395584375,0.0603985899914787,630.4230051489141,0.001586236529810309
er,800,5,4.0,40,325.075,25146.1620499475,9.6,11.6,3.9520050000000007,0.2481969593309144,77.35495516403138,0.012927420071274006
er,800,5,8.0,40,152.5,37990.4104664575,15.2,18.4,7.828594218749998,0.12275268892869688,249.1174456816885,0.004014170895432818
er,800,5,12.0,40,116.225,50595.333180835,19.725,24.025,11.714992812499997,0.08191341763063831,435.32229022013337,0.0022971486240558024
er,800,5,16.0,40,92.15,59605.08541143,24.05,29.625,15.71262328125,0.06129098418751587,646.8267543291372,0.0015460090253025477
er,800,8,4.0,40,937.875,27503.827798095,10.575,11.575,3.9627518749999995,0.25137387304618175,29.32568604355058,0.03409979901288358
er,800,8,8.0,40,247.15,41518.800778252495,15.9,17.9,7.89278671875,0.1240818021291679,167.99029244690468,0.0059527249190072205
er,800,8,12.0,40,149.475,56826.767681135,21.825,24.55,11.81696953125,0.08213142557316981,380.1757329395217,0.0026303625227943727
er,800,8,16.0,40,127.775,68841.94390642,26.6,29.8,15.552939218749993,0.060996861664031246,538.7747517622382,0.001856063218866835
ws,100,2,4.0,40,9.575,393.750043482975,3.05,5.9,0.38450000000000023,0.024031250000000014,41.12271994600261,0.024317457632011676
ws,100,2,8.0,40,13.6,786.626694192125,5.25,10.25,0.7539999999999992,0.011781249999999988,57.84019810236214,0.01728901409068931
ws,100,2,12.0,40,9.375,1188.8797281820748,7.75,14.875,1.079999999999999,0.007499999999999993,126.81383767275464,0.007885574779153973
ws,100,2,16.0,40,9.15,1536.855942860425,10.025,19.425,1.450500000000001,0.005666015625000004,167.96239812682242,0.005953713516551102
ws,100,3,4.0,40,21.725,798.768832962,4.15,5.975,0.36400000000000016,0.02275000000000001,36.76726503852704,0.027198106765682392
ws,100,3,8.0,40,21.975,1614.7801896380001,7.35,10.4,0.7335000000000005,0.011460937500000008,73.48260248637088,0.01360866335926894
ws,100,3,12.0,40,13.25,1840.0672360305002,10.175,15.0,1.1525000000000005,0.008003472222222226,138.87299894569813,0.0072008238289072895
ws,100,3,16.0,40,11.35,2463.670235355,13.275,19.275,1.4775000000000005,0.005771484375000002,217.06345685947136,0.004606947730715484
ws,100,4,4.0,40,11.0,720.97296817725,4.875,5.875,0.3825000000000002,0.02390625000000001,65.54299710702273,0.015257160095488723
ws,100,4,8.0,40,10.575,1397.513582387825,8.475,10.525,0.7164999999999992,0.011195312499999988,132.15258462296217,0.007567010534474594
ws,100,4,12.0,40,12.275,2066.9729528237503,11.675,14.8,1.1074999999999995,0.00769097222222222,168.38883526059067,0.005938636005483659
ws,100,4,16.0,40,10.2,2632.0539590495,14.9,19.225,1.5390000000000001,0.006011718750000001,258.0445057891667,0.003875300491059641
ws,100,5,4.0,40,82.825,1172.10420901045,4.95,5.95,0.3729999999999999,0.023312499999999993,14.151575116335042,0.0706635121376495
ws,100,5,8.0,40,32.625,1937.75515432075,8.45,10.45,0.7240000000000005,0.011312500000000008,59.39479400216859,0.016836492436752767
ws,100,5,12.0,40,16.8,2312.50012124175,12.15,14.95,1.1379999999999995,0.007902777777777776,137.64881674058034,0.007264864483976266
ws,100,5,16.0,40,10.15,2848.2171798374998,15.825,19.05,1.4180000000000006,0.005539062500000002,280.6125300332512,0.0035636327425632238
ws,100,8,4.0,40,180.95,1164.80244197215,6.05,6.075,0.3810000000000001,0.023812500000000007,6.437150826041172,0.15534823200888037
ws,100,8,8.0,40,14.975,1730.4402334165,9.3,10.3,0.7695000000000007,0.012023437500000012,115.55527435168614,0.008653867212988954
ws,100,8,12.0,40,20.975,2661.2984579920003,13.775,14.925,1.1170000000000015,0.007756944444444455,126.87954507709178,0.007881491058250577
ws,100,8,16.0,40,12.9,3508.835818222,17.425,19.425,1.4529999999999987,0.005675781249999995,272.0027766063566,0.0036764330587963213
ws,200,2,4.0,40,21.8,1067.980432651525,3.15,6.1,0.3812499999999999,0.023828124999999995,48.98992810328096,0.020412359003503577
ws,200,2,8.0,40,21.575,2254.15150105775,5.775,10.8,0.7765000000000004,0.012132812500000006,104.47979147428737,0.009571228903592341
ws,200,2,12.0,40,15.95,2975.040828926,7.975,15.15,1.1025000000000005,0.007656250000000005,186.5229359828213,0.0053612709596856205
ws,200,2,16.0,40,21.7,4022.98246183875,10.1,19.725,1.5234999999999956,0.005951171874999983,185.39089685892858,0.005394008103649988
ws,200,3,4.0,40,45.2,1943.0144636905,4.125,6.1,0.3775000000000004,0.023593750000000024,42.98704565686946,0.023262822199557154
ws,200,3,8.0,40,42.7,3890.9062673515,7.7,10.825,0.7842500000000004,0.012253906250000007,91.1219266358665,0.01097430702926325
ws,200,3,12.0,40,19.0,4423.3496374735,10.45,15.375,1.1167499999999984,0.007755208333333321,232.8078756565,0.004295387332494995
ws,200,3,16.0,40,19.775,6207.801157625,13.75,19.9,1.5597499999999969,0.006092773437499988,313.92167674462706,0.0031855079597242738
ws,200,4,4.0,40,17.4,2044.4311886029998,5.15,6.2,0.3804999999999999,0.023781249999999993,117.4960453220115,0.008510924748653323
ws,200,4,8.0,40,21.05,3707.8527819180003,8.725,10.85,0.7347499999999997,0.011480468749999995,176.14502526926367,0.005677140177370053
ws,200,4,12.0,40,22.15,5595.4463779445005,12.0,15.275,1.1167499999999997,0.007755208333333331,252.61608929772012,0.0039585760462844165
ws,200,4,16.0,40,16.725,6492.696774285,15.075,19.575,1.4382499999999965,0.005618164062499986,388.20309562242153,0.0025759712152646805
ws,200,5,4.0,40,171.475,2848.2977724212496,5.1,6.1,0.3770000000000001,0.023562500000000007,16.61057164263741,0.06020262405859146
ws,200,5,8.0,40,62.1,4522.670436119,8.8,10.8,0.7522499999999998,0.011753906249999996,72.82883149950081,0.013730825820085474
ws,200,5,12.0,40,30.275,6028.134402109999,12.275,15.175,1.1689999999999998,0.008118055555555555,199.11261443798512,0.0050222835093728145
ws,200,5,16.0,40,16.225,6878.438258129,16.225,19.85,1.5679999999999978,0.0061249999999999916,423.9407246920801,0.0023588203297202166
ws,200,8,4.0,40,439.3,2722.62368008875,6.075,6.075,0.3695000000000004,0.023093750000000024,6.1976409744792855,0.16135171496990727
ws,200,8,8.0,40,27.4,4111.9421213685,9.675,10.675,0.7614999999999987,0.01189843749999998,150.07088034191608,0.00666351791714446
ws,200,8,12.0,40,46.625,6551.899396951,14.0,15.25,1.1355000000000004,0.007885416666666669,140.52331146275603,0.007116257008112406
ws,200,8,16.0,40,21.425,8141.00875035475,17.725,19.725,1.4814999999999998,0.005787109374999999,379.9770711950875,0.002631737743687647
ws,400,2,4.0,40,39.675,2803.9237817407497,3.3,6.3,0.3806250000000004,0.023789062500000024,70.67230703820415,0.014149814006487977
ws,400,2,8.0,40,45.525,5855.97230820025,5.9,11.125,0.7448749999999997,0.011638671874999996,128.6320111631027,0.007774114631015299
ws,400,2,12.0,40,36.65,7520.480291276499,8.15,15.575,1.1229999999999998,0.007798611111111109,205.1972794345566,0.004873358958537894
ws,400,2,16.0,40,32.75,8866.704955982,10.325,20.25,1.510499999999999,0.005900390624999996,270.7390826254046,0.003693593072351519
ws,400,3,4.0,40,92.85,4545.99443388925,4.25,6.25,0.37337500000000023,0.023335937500000015,48.96062933644858,0.020424574061909645
ws,400,3,8.0,40,85.8,8826.46843538775,7.9,11.075,0.7708750000000005,0.012044921875000008,102.87259248703671,0.009720762117723563
ws,400,3,12.0,40,37.75,10522.74294639075,10.525,15.5,1.1258750000000006,0.007818576388888892,278.7481575202848,0.0035874676586058834
ws,400,3,16.0,40,44.1,14924.9402296855,13.925,20.15,1.5338750000000019,0.005991699218750007,338.4340188137302,0.002954785702410098
ws,400,4,4.0,40,34.025,4859.39858528975,5.35,6.4,0.3808750000000002,0.02380468750000001,142.8184742186554,0.0070018952763001635
ws,400,4,8.0,40,44.45,9396.96672499,8.9,11.0,0.773875,0.012091796875,211.40532564656914,0.004730249803033894
ws,400,4,12.0,40,44.2,12601.701193772251,12.1,15.5,1.140250000000001,0.007918402777777785,285.1063618500509,0.003507462946498335
ws,400,4,16.0,40,38.075,15811.023868415,15.2,20.125,1.5129999999999995,0.005910156249999998,415.2599834120814,0.002408129942556142
ws,400,5,4.0,40,336.35,6513.6531176650005,5.425,6.425,0.3882499999999999,0.024265624999999992,19.365699770075814,0.05163768992976003
ws,400,5,8.0,40,125.9,11177.64203808775,9.225,11.225,0.744250000000001,0.011628906250000015,88.78190657734511,0.011263556264460474
ws,400,5,12.0,40,59.65,13822.828286305,12.55,15.55,1.149749999999998,0.007984374999999986,231.73224285507126,0.004315325255041935
ws,400,5,16.0,40,40.85,18111.2826305075,16.35,20.225,1.5418750000000045,0.006022949218750018,443.3606519096083,0.0022555001119131304
ws,400,8,4.0,40,1056.025,6416.44842616425,6.2,6.2,0.3811250000000001,0.023820312500000006,6.076038376140953,0.16458092232049487
ws,400,8,8.0,40,55.725,10487.00795720775,10.2,11.2,0.7885000000000012,0.012320312500000019,188.1921571504307,0.005313717718856126
ws,400,8,12.0,40,95.45,16129.657733574999,14.175,15.725,1.1411250000000017,0.007924479166666679,168.98541365715033,0.005917670515804822
ws,400,8,16.0,40,48.725,20118.88205478,18.125,20.125,1.540124999999999,0.006016113281249996,412.9067635665469,0.002421854249521958
ws,800,2,4.0,40,81.125,7683.563410657999,3.625,6.65,0.388375,0.0242734375,94.71264604817256,0.010558252162983409
ws,800,2,8.0,40,90.125,13400.299458940499,6.05,11.4,0.7564374999999994,0.011819335937499991,148.68570828228016,0.006725595967175929
ws,800,2,12.0,40,78.25,18284.384651995,8.15,15.95,1.1620624999999998,0.008069878472222219,233.6662575334824,0.0042796080638930435
ws,800,2,16.0,40,72.15,23515.0242457575,10.25,20.25,1.5042500000000003,0.005875976562500001,325.9185619647609,0.0030682511421614655
ws,800,3,4.0,40,187.225,11171.758660652,4.55,6.55,0.3739375000000001,0.023371093750000006,59.67022919296034,0.016758775917656038
ws,800,3,8.0,40,168.15,20225.91744556,8.05,11.35,0.7688750000000013,0.01201367187500002,120.28496845411834,0.008313590740820132
ws,800,3,12.0,40,81.5,26819.526034545,10.95,15.95,1.1441875000000017,0.00794574652777779,329.0739390741718,0.0030388307345559943
ws,800,3,16.0,40,79.375,35210.123253242506,14.125,20.625,1.530000000000004,0.005976562500000016,443.59210397785836,0.002254323264622209
ws,800,4,4.0,40,76.7,11662.2163848395,5.475,6.525,0.3795624999999999,0.023722656249999995,152.04975729908082,0.006576794450470624
ws,800,4,8.0,40,87.625,21051.8671929075,9.025,11.4,0.7484999999999993,0.011695312499999989,240.24955426998574,0.004162338627593157
ws,800,4,12.0,40,79.1,29871.3391795625,12.225,15.925,1.1321250000000014,0.007861979166666675,377.64019190344504,0.002648023228035219
ws,800,4,16.0,40,77.15,38449.969882674995,15.55,20.55,1.5321874999999978,0.0059851074218749915,498.3793892764095,0.0020065035222501613
ws,800,5,4.0,40,676.575,15325.939457735,5.575,6.575,0.3853749999999999,0.024085937499999995,22.65224026565421,0.04414574400909125
ws,800,5,8.0,40,249.95,25558.332455044998,9.325,11.325,0.7538125000000004,0.011778320312500007,102.25378057629526,0.009779589511156154
ws,800,5,12.0,40,123.65,32216.416856487504,13.05,16.05,1.1193749999999993,0.0077734374999999965,260.54522326314196,0.003838105291187908
ws,800,5,16.0,40,74.825,41384.2516774775,16.575,20.575,1.536,0.006,553.0805436348479,0.0018080549234800328
ws,800,8,4.0,40,2334.45,15420.0934010875,6.575,6.575,0.3826875000000004,0.023917968750000025,6.60545027783311,0.15139013359253473
ws,800,8,8.0,40,110.6,23887.1458361625,10.175,11.175,0.751125,0.011736328125,215.97781045354884,0.004630105277482076
ws,800,8,12.0,40,185.475,36946.276671675,14.2,15.95,1.1521250000000023,0.008000868055555572,199.19814892397898,0.005020126971067564
ws,800,8,16.0,40,91.075,45317.218012575,18.475,20.475,1.5146249999999994,0.005916503906249998,497.5813122434807,0.002009721778921375
